{
  "version": "7",
  "dialect": "mysql",
  "entries": [
    {
      "idx": 0,
      "version": "5",
      "when": 1761680473546,
      "tag": "0000_lyrical_stark_industries",
      "breakpoints": true
    },
    {
      "idx": 1,
      "version": "5",
      "when": 1761680520660,
      "tag": "0001_glossy_lake",
      "breakpoints": true
    },
    {
      "idx": 2,
      "version": "5",
      "when": 1761682639147,
      "tag": "0002_outgoing_leech",
      "breakpoints": true
    },
    {
      "idx": 3,
      "version": "5",
      "when": 1761683855031,
      "tag": "0003_clammy_talisman",
      "breakpoints": true
    }
  ]
}